English,Norse
ability,kunnusta
ability,ma/ttr
ability,megin
abode,hamr
abode,"sjo,t"
above,yfir
abroad,u/tanlands
abundance,gno/tt
abundant,no/gr
accompany,fylgja
accomplish,fremja
accomplish,inna
accomplish,vinna
accomplished,mannaDr
accomplishment,i/Tro/tt
accomplishment,mennt
accomplishments,kunnandi
account,"so,gn"
account,tala
accuse,kAra
accustom,vandi
accustom,venja
accustomed,vanr
acorn,akarn
acquaintance,kunningi
across,yfir
act,breyta
action,"so,k"
add,auka
adhere,tolla
adorn,setja
adultery,ho/rdo/mr
advance,framganga
advance,sOkja
advance,stefna
advantage,bati
advantage,gagn
adversary,andskoti
advice,ra/D
advisable,ra/Dligr
advise,ra/Da
affairs,hagr
affection,a/st
affection,a/stir
affection,elska
affection,geD
affinity,sifjar
affirm,sanna
affliction,beygja
affliction,hrelling
afraid,hrAddr
aft,aptr
afterwards,si/Dan
again,endr
again,optar
age,Avi
age,aldr
agree  to,ja/ta
agreeable,geDjaDr
agreeable,skapfeldr
agreement,ra/D
ahead,framar
aid,afli
aid,forsja/
aid,fullting
aid,liD
ale,munga/t
ale_cask,"o,lker"
alive,kvikr
alive,kykr
alive,li/fs
all,allr
allot,skafa
allow,lofa
allow,unna
almost,na/liga
aloft,lopt
alone,einn
along,eptir
aloud,ha/tt
alternative,kostr
although,Tar
always,a/valt
always,A
always,jafnan
ambitious,metnaDargjarn
ambitious,sto/rra/Dr
among,miDli
amount  to,skipta
amuse,skemta
amusement,skemtun
amusing,skemtiligr
anchor,akkeri
ancient,forn
and,eDa
anger,reiDi
angry,reiDr
animal,dy/r
animal,gripr
animals,kykvendi
annoyance,mo/tgørD
annoyance,skapraun
another,annarr
answer,svar
answer,svara
ant,maurr
anvil,steDi
anxiety,a/hyggja
anxious,annt
any,einnhverr
appear,li/ta
appearance,yfirbragD
applause,ro/mr
appoint,skapa
approach,na/lgask
arbitration,gørD
arch,kengr
ardor,kapp
argue,TrAta
arm,handleggr
arm,va/pna
armor,herklADi
army,herliD
army,herr
arrange,ha/tta
arrange,haga
arrange,ra/Da
arrange,stilla
arrangement,tilskipan
array,bu/a
array,skipa
arrival,kva/ma
arrive,koma
arrow,"o,r"
art,list
art,mennt
artifice,ve/l
artificer,smiDr
artist,fAgir
ascertained,vitaDr
ash,askr
ashes,aska
ask,beiDa
ask,biDja
ask,fre/tta
ask,fregna
ask,krefja
aspect,a/lit
assault,atganga
assault,barsmiD
assembly,Ting
attack,atlaga
attack,atso/kn
attack,hri/D
attack,so/kn
attack,sOkja
attention,gaumr
authority,mannaforra/D
authority,ra/D
authority,ri/ki
autumn,haust
avail,nyta
avail,tja/
avenge,hefna
avenge,reka
await,biDa
aware,varr
away,brott
axe,øx
back,aptr
back,hryggr
backwards,"o,fugr"
bacon,flesk
bad,illr
bad,va/ndr
badly,illa
bag,baggi
bag,belgr
bag,fat
bag,kyll
bailiff,bryti
bake,baka
bald,kollo/ttr
ball,"kno,ttr"
band,fetill
band,liD
bank,bakki
banner,merki
banner,ve/
banquet,veizla
baptism,ski/rn
baptize,ski/ra
bar,"spo,lr"
bare,berr
bargain,kaup
barley_barn,bygghlaDa
barn,hlaDa
barren,gODalauss
barren,o/frAr
bath,laug
bathe,lauga
battle,bardagi
battle,do/lg
battle,dolg
battle,eggTrima
battle,eggtog
battle,ja/rnleikr
battle,malmhri/D
battle,orrosta
battle,vi/g
battlefield,vAttfang
bay,va/gr
be  able  to,geta
be  able  to,mega
be,undrask
be,vaka
be,minka
be,elska
be,fagna
be,skorta
be,vanta
be,bifask
be,hljo/ta
be,opnask
be,sefask
be,Tegja
be,falla
be,mykjask
be,vilja
bear,bjarndy/r
bear,"bjo,rn"
bear,bera
beard,"gro,n"
beard,skegg
bearded,skeggjaDr
beast,dy/r
beautiful,fagr
beautiful,vAnn
beautifully,fagrliga
because,si/Dan
become,gera
become,gøra
become,so/ma
become,verDa
become  cowardly,ergjask
become  loose,losna
become  night,na/tta
become  spring,va/ra
become  white,hvi/tna
becoming,sOmiligr
bed,beDr
bed,hvi/la
bed,rekkja
bed,sAng
bed_closet,lokrekkja
bee,by/
beer,bjo/rr
beer,"o,l"
beer_goblet,bjo/rker
befall,hOfa
befit,sama
beget,aflA
beggar,stafkarl
beginning,fyrsta
beginning,upphaf
behavior,atferD
behead,"ho,ggva"
belief,a/trunaDr
believe,hyggja
believe,tru/a
bell,bjalla
bellow,gjalla
belly,kviDr
beloved,sva/ss
bench,bekkr
bend,kengr
bend,beygja
bend,lu/ta
bend,sveigja
benefactor,styrktarmaDr
benefit,beini
benefit,gott
berserk,berserkr
beseem,so/ma
beside,hja/
beside,viD
besom,li/mi
betray,svi/kja
better,betri
between,meDal
between,miDli
bewildered,villhyggjandi
beyond,u/tan
big,mikill
bigger,meiri
billow,bylgja
bind,binda
birch,bjarkan
bird,fugl
birth,burDr
bishop,biskup
bitch,bikkja
bite,bita
biting,bitr
bits,moli
bitter,herfiligr
black,bla/r
black,blakkr
black,svartr
blade,brandr
blame,a/mAli
blame,lasta
blasphemy,goDga/
blaze,loga
blind,blindr
blood,blo/D
blood,dreyri
bloody,blo/Dugr
blood_stained,dreyrugr
blow,"ho,gg"
blow,skellr
blow,svipan
blow,bla/sa
blue,bla/r
board,borD
boasting,"ko,puryrDi"
boat,ba/tr
boat,skip
body,li/kami
bog,fen
bog,myrr
boil,kaun
boil,kveisa
boil,sjo/Da
boil,vella
boldly,djarfliga
bond,band
bondwoman,amba/tt
bondwoman,ambo/tt
bone,bein
book,bo/k
booth,bu/D
booty,herfang
border,skaut
both,ba/Dir
both,hva/rr
bottom,grunnr
boundary,merki
bow,almr
bow,bogi
bow,lu/ta
bow_string,bogastrengr
bow_string,"ho,rr"
box,kista
box,skokkr
boy,sveinbarn
boy,sveinn
boy,sveinstauli
brain,heili
branch,kvistr
branch,li/mi
brand,brandr
brass,mersing
brave,bitr
brave,frOkn
brave,go/Dr
brave,hraustr
brave,snjallr
brave,vaskr
bravely,frOknliga
bravely,hraustliga
bread,brauD
bread_making,"brauDgo,rD"
break,bresta
break,brjo/ta
break,brotna
break,lemja
break,sli/ta
break,slitna
break  into,brjo/ta
breast,brjo/st
breast,fang
breast,"munstro,nd"
breath,"o,nd"
breath,ørindi
bride,bru/Dr
bridge,bru/
bridle,beizl
bridle,taumr
bright,bjartr
bright,heiDr
bright,ljo/ss
bring  to  an,enda
broad,breiDr
bronze,eir
brook,lOkr
brother,bro/Dir
brother_in_law,ma/gr
buck,bokki
bucket,bytta
build,smi/Da
building,gørD
building,smi/D
built,"go,rr"
bull,griDungr
bunch,"ko,ngull"
burn,brenna
burn,svi/Da
burning,brenna
burst,bresta
bury,heygja
business,sysla
but,eDa
button,kneppa
buy,kaupa
cairn,varDa
cairn,varDi
calf,ka/lfr
call,heita
call,kalla
call,kveDja
calm,logn
calumny,illmAli
canoe,keipr
canopy,tjald
capable,gørviligr
capture,handtaka
capture,taka
care,a/hyggja
care,forsja/
care,umsja/
care,hirDa
carefully,skynsamliga
carefully,vandliga
carelessly,o/vendiliga
cargo,farmr
cargo,varningr
carry,bera
carter,vagnkarl
carve,"ho,ggva"
case,ma/l
cast,gjo/ta
cast,kasta
cast,elta
cast,hluta
castle,kastali
cat,"ko,ttr"
catch,fang
catch,hreppa
cattle,fe/naDr
cauldron,ketill
cause,ma/l
cause,re/ttr
cause,"so,k"
cause,valda
cave,hellir
cease,hAtta
cease,le/tta
celebration,a/gAti
certain,vi/ss
challenge,bjo/Da
champion,kappi
chance,kostr
change,skipan
change,umskipti
change,skipta
change,verDa
changeable,hverfr
character,hagr
character,lund
character,skapleikr
charcoal,kol
charge,"so,k"
chariot,reiD
charm,forma/li
charms,taufr
chatter,hjala
chatter,klaka
cheek,kinn
cheerful,reifr
chest,kista
chief,hilmir
chief,"ho,fDingi"
chieftain,yfirmaDr
child,barn
childhood,barnOska
choice,kostr
choose,kjo/sa
church,kirkja
churl,karl
circle,hringr
claim,tilkall
clash,gnyr
clash,"hlo,kk"
clash,hnit
clash,"so,ngr"
clashing,"bro,kun"
clashing,gnat
clasp,spenna
clear,auDsy/nn
clear,bry/nn
clear,gløggr
clear,heiDr
clear,ljo/ss
clear,skyrr
clear,ryDja
clearing,rjo/Dr
clear_sighted,gløggr
cleave,klju/fa
clench,herDa
clever,slOgr
cliff,bjarg
cliff,hamarr
climb,hlaupa
cloak,feldr
cloak,skikkja
close,kArr
close,na/lAgr
closely,nAr
cloth,skru/D
clothe,klADa
clothes,fat
clothes,le/rept
clothes,ript
clothes,va/Dir
clothing,klADi
cloud,sky
cluster,"ko,ngull"
coals,kol
coat,skyrta
cock,hani
coil,baugr
coin,penningr
cold,kaldr
coldly,seint
collect,safna
collect,samna
color,litr
colored,litklADi
colorless,litlauss
come,koma
come  about,koma
come  to,hitta
come  up  to,na/lgask
comfort,huggan
command,bjo/Da
commend,fela
commit,andvarDa
common  man,karl
commonly,hversdagliga
community,sveit
companion,fe/lagi
companion,lagsmaDr
companion,sinni
company,"fo,runeyti"
company,"sjo,t"
compensate,bOta
compensation,bo/t
compensation,"iDgjo,ld"
compensation,so/mi
compensation,yfirbOtr
compensations,bOtr
competition,kapp
complain,krikta
complete,fullkominn
complete,fylla
completely,vandliga
complexion,litr
compose,finna
compose,gera
compose,gøra
comrade,fe/lagi
conceal,leyna
condition,efni
condition,far
condition,kostr
condition,re/ttr
conduct,far
conference,ma/lstefna
confidence,traust
conflict,samgangr
conquer,vinna
consequence,tilkva/ma
consider,hugsa
consider,i/huga
consider,telja
consolation,hugarbo/t
consolation,huggan
constitution,"lo,g"
consult  about,ra/Da
contend,Treyta
contention,deila
contention,ro/g
contest,fang
contest,kapp
contest,leikr
continuous,fastr
control,vald
controlled,stiltr
contumely,ni/D
conversation,ma/l
conversation,rODa
converse,tala
cook,matsveinn
cook,sjo/Da
cooking_fire,seyDir
copper,eir
corn,korn
corner,horn
corpse,li/k
corpse,na/r
correct,re/ttligr
correct,re/ttr
cost,kostnaDr
cough,ho/sti
counsel,ra/D
counsel,ra/Da
count,telja
country,land
courage,a/rADi
courage,da/D
courage,drengskapr
courage,frami
courage,hugr
courage,kapp
course,skeiD
court,do/mr
court,garDr
court,hirD
courteously,kurteisliga
cousin,systrungr
cover,hli/f
cover,hulDa
cow,kyr
cowardly,argr
crack,braka
cradle,vagga
crafty,slOgr
crag,bjarg
crag,hamarr
crash,gnata
crave,krefja
creak,braka
create,skapa
creature,kvikindi
credit,mannvirDing
creep,krju/pa
crew,skipan
cross,kross
cross_beam,Tvertre/
crouch,krju/pa
crowd,"fjo,lmenni"
crowd,drifa
crowd,skipa
crowded,"fjo,lmennr"
crozier,bagall
crozier,stafr
cruelty,illska
crusaders,Jo/rsalafarar
cry,hlakka
cry  out,kalla
cry  out,krikta
cry  out,Opa
curiosity,forvitni
current,straumr
curses,feiknstafir
cushion,hOgindi
custom,ha/ttr
custom,siDr
custom,siDvenja
custom,vani
cut,bita
cut,"ho,ggva"
cut,skera
cut,sni/Da
dainty,kra/s
dale,dalr
damage,skaDi
damage,hata
dance,danzleikr
dancing_song,danzleikr
dandy,skartsmaDr
danger,ha/ski
dangerous,hAttr
dare,bella
dare,Tora
daring,a/rADi
daring,djarfr
daring,sto/rra/Dr
dark,blakkr
dark,myrkr
dark,"o/fo,lr"
darkness,myrkr
daughter,do/ttir
dauntless,hraustligr
dawn,elding
dawn,nAtrelding
dawn,daga
dawn,lysa
day,dagr
day,dOgr
daybreak,dagan
daylight,dagr
dead,dauDr
dead,feigr
dead,li/fla/tinn
deal  with,mOta
dealings,ferD
dealings,sameign
dealings,skipti
dealings,viDreign
dealings,viDskipti
dear,dy/rr
dear,kArr
dearth,o/a/ran
death,andla/t
death,bani
death,dauDi
death,"fjo,rlag"
death_blow,"banaho,gg"
death_day,dauDadagr
debt,skuld
deceit,flArD
deceitful,fla/ra/Dr
deck,Tilja
declare,kveDa
deed,verk
deeds,far
deep,dju/pr
defence,viDrtaka
defence,"vo,rn"
defend,varDi
defend,verja
delay,"dvo,l"
delight,"fo,gnuDr"
delight,gaman
demeanor,yfirbragD
deny,neita
deny,synja
deny,TrAta
depart,leysa
depopulation,landauDn
depose,reka
depressed,o/ka/tr
depression,o/gleDi
deprive  of,rAna
descendants,kynkvi/sl
descended,AttaDr
descent,Att
desire,fyst
desire,hugr
desire,vili
desire,fysa
desire,lysta
desire,Treyja
desire,ti/Da
desolate,o/vistuligr
despair,ADra
destiny,"forlo,g"
destitution,va/laD
destroy,brjo/ta
destroy,hata
destroy,spilla
destroyer,fa/rbjo/Dr
devise,finna
dew,"do,gg"
dialect,ma/l
die,andask
die,deyja
difference,munr
difficult,erfiDr
difficult,o/hOgr
difficult,Tungr
difficult,torso/ttr
difficult,va/ndr
difficulty,vandrADi
dig,grafa
dimension,vegr
diminish,re/na
diminish,Tverra
diminished,skarDr
diminution,TurDr
direct,re/ttr
direct,styra
direct,vi/sa
direction,vegr
dirty,o/krAsilegr
dirty,o/Tokkuligr
disagreement,deila
discomfort,o/hAgindi
discussion,ma/l
discussion,umrODa
disease,mein
disgrace,lAging
disgrace,o/virDing
disgrace,sneypa
disgrace,svi/virDing
dishonor,o/so/mi
dishonor,o/sOmd
dismissal,brottkvaDning
display,birta
displease,misli/ka
disposition,skapleikr
disposition,skaplyndi
disposition,skapsmunir
disposition,vili
dissuade,letja
distinguish,deila
distress,nauD
distress,angra
district,heraD
district,sveit
ditch,"gro,f"
ditty,kviDlingr
divide,deila
divide,skilja
divide,skipta
do  harm,saka
do  harm  to,skaDa
dog,bikkja
dog,hundr
dog,rakki
doomed,feigr
door,dyrr
door,hurD
doorway,dyrr
door_keeper,"dyrvo,rDr"
doughtiness,dugr
doughty,Tru/Dugr
down,niDr
down,niDri
down,ofan
downcast,hnipinn
draught,drykkr
dread,o/tti
dream,draumr
dream,dreyma
dregs,o/rval
dress,binda
drift,hrinda
drink,drykkr
drink,munga/t
drink,drekka
drinker,drykkjumaDr
drinking,drykkja
drinking_horn,horn
drinking_horn,hvi/tingr
drip,drju/pa
drive,støkkva
drive,aka
drive,drifa
drive,hrinda
drive,reka
drive  away,hrekja
drizzle,u/r
droop,dru/pa
drop,detta
droppings,tros
drowsiness,"ho,fgi"
dry,Turr
duel,einvigi
duty,"kno,D"
dwarf,dvergr
dwell,byggva
dwelling,bu/
dwelling,bygD
dwelling,staDr
dwelling,tu/n
dwelling_place,bu/staDr
dwelling_place,garDr
dwindle,re/na
eager,annt
eager,fu/ss
eager,gjarn
eagle,ari
eagle,"o,rn"
earl,jarl
early,snemt
early,snimhendis
early,snimma
earn,"o,Dlask"
earth,fold
earth,"jo,rD"
earth,mold
earthquake,landskja/lpti
easily,vel
asterner,austmaDr
eastward,austr
easy,dAll
easy,hOgr
eat,eta
eat,nyta
eat  a  meal,matask
ebb_tide,fjara
edge,egg
edge,jaDarr
edge,"Tro,mr"
egg,egg
eight,a/tta
eighteen,a/tja/n
elated,uppstertr
elder,ellri
elect,taka
eleven,ellifu
elf,a/lfr
elk,elgr
elm,almr
eloquent,snjallr
else,ella
employment,vist
empty,drekka
empty,ryDja
enchantment,seiDr
encircle,sveipa
enclosure,garDr
enclosure,tu/n
encomium,hro/Dr
encomium,lofkvADi
encomium,mArD
encounter,viDreign
encourage,fysa
end,enda
end,endi
end,lykD
end,lu/ka
endurance,eljun
endure,Tola
enemy,andskoti
enemy,fja/ndmaDr
enemy,o/vinr
energetic,bilstyggr
energy,atferD
energy,da/D
engender,geta
engrave,grafa
enjoy,njo/ta
enjoy,una
enormously,allsto/rum
enough,gno/gr
enough,Orinn
enough,Orit
enslave,Tja/
entangle,vefja
enterprising,gørviligr
entertain,skemta
entertaining,skemtiligr
entertainment,"fo,gnuDr"
entice,teygja
entrance,innganga
enumerate,telja
equal,jafn
equal,li/ki
equality,jafnaDr
equality,"jo,fnuDr"
equinox,jafndOgri
equip,skipa
equipment,bu/naDr
erect,uppre/ttr
errand,sendiferD
erring,villr
establish,setja
established,fullkominn
esteem,metorD
esteem,virDa
estimate,Atlun
estimate,meta
estimate,virDa
estuary,o/ss
evening,aptann
evening,kveld
evensong,"kveldso,ngr"
event,atburDr
every,hverr
everything,hvatvetna
evident,auDse/nn
evident,auDsy/nn
evil,illr
evil,va/ndr
ewe,a/sauDr
exactly,inniliga
exaggerate,ofsa
exceedingly,a/kafliga
exceedingly,forkunnar
exceedingly,helzt
excellent,a/gAtr
exchange,skipta
excuse,va/rkunn
exhaustion,mODi
exhortations,"forto,lur"
exiled,u/tlAgr
exist,syna
expect,Atla
expect,vAnta
expectation,va/n
expedient,ra/D
expedition,"fo,r"
expense,kostnaDr
expensive,dy/rr
exploration,landaleitan
explore,kanna
expression,orDtOki
extend,ganga
externally,u/tan
extinguish,sløkkva
eye,auga
eye_brow,bru/n
face,andlit
fail,Trjo/ta
faintness,o/megin
fair,fagr
fair,sannligr
fair_minded,ørgrandr
faith,tru/
fall,fall
fall,detta
fall,falla
fall,hrata
fall  asleep,sofna
fall  back,hrøkkva
fall  down,rata
fall  down  on,hlaupa
false,fla/r
false,fla/ra/Dr
false,"undirfo,rull"
falsehood,lygi
falseness,lausung
fame,do/mr
fame,frami
fame,orDsti/rr
family,Att
family,skuldaliD
famous,frAgr
famous,mArr
far,fjarri
far  off,fjarri
farm,bu/
farm,hu/s
farm,staDfesta
farming,bu/
farmstead,bOr
farm_cattle,bu/fe/
farther,viDara
fashion,leiD
fashioned,ha/ttaDr
fast,fast
fast,fastr
fasten,festa
fasten,kneppa
fasten,strengja
fat,feitr
fate,"forlo,g"
fate,hluti
fated,Atla
fated,auDit
father,faDir
fault_finding,atmAlasamr
favor,hylli
favorite,vilDarmaDr
fear,ADra
fear,hrAzla
fear,o/tti
fear,ugga
feast,boD
feast,gildi
feast,mannboD
feast,veizla
feast_day,messa
feather,"fjo,Dr"
feathers,fiDri
feather_coat,fjaDrhamr
feature,a/lit
feed,ala
feed,fODa
feel,kenna
fell,fjall
fellow,bokki
fellow,fe/lagi
fiercely,harDliga
fiercest,harDaz
fiery,"o,ndo/ttr"
fifteen,fimta/n
fight,bardagi
fight,barsmiD
fight,so/kn
fight,vi/g
fight,vega
fighter,vi/gamaDr
fill,fylla
filth,saurr
filthy,o/krAsilegr
find,finna
find,hitta
find,leita
find  out,forvitnask
find  out,spyrja
fine,gildr
fine,go/Dr
fine,reisiligr
finger,fingr
finish,lu/ka
fire,aldrnari
fire,ba/l
fire,bruni
fire,eldr
fire,hyrr
firewood,eldivDr
firm,fastr
first,a/Dr
first,fyrstr
firth,"fjo,rDr"
fish,fiskr
fitting,makligr
fitting,verDr
five,fimm
flag,fli/k
flail,ha/lmTu/st
flame,hiti
flame,villieldr
flat,flatr
flat,"ho,lkn"
flay,fla/
flee,flyja
fleeing,fljo/tr
fleet,floti
fleetness,skjo/tleikr
flesh,hold
flesh,sla/tr
flight,flaugun
flight,flo/tti
flitting,sveimun
float,fljo/ta
flood,flo/D
floor,go/lf
flour,"mjo,l"
fly,flju/ga
fly,hrjo/ta
fly  off,fju/ka
flying,flaugun
foal,fyl
fodder,fo/Dr
fog,Toka
fold,grind
follow,fylgja
follower,liDi
follower,sveitungr
following,fylgD
folly,he/go/mi
food,"gjo,r"
food,matr
foolish,heimskr
foolish,o/snjallr
foolish,villtr
foot,fo/tr
forbid,banna
force,foss
foreign,u/tlendr
foremost,fyrstr
forest,"mo,rk"
forest,sko/gr
forest,viDr
forge,sla/
forget,tyna
form,li/ki
form,mynd
form,"vo,xtr"
former,fyrri
formerly,forDum
formula,forma/li
fortitude,Trek
fortunate,heppinn
fortunate,sAll
fortune,happ
forward,fram
forward,framan
forward,framr
foster,fo/stra
foster_brother,fo/stbro/Dir
foster_father,fo/stri
foster_mother,fo/stra
foster_son,fo/stri
foul,fu/ll
fountain,kelda
four,fjo/rir
fourteen,fjo/rta/n
fourth,fjo/rDi
four_cornered,ferskeyttr
fox_hole,gren
franklin,bo/ndi
frantic,o/Dr
frantic,Orr
free,frja/ls
free,lauss
free,sja/lfra/Dr
freeze,frjo/sa
freeze,kala
free_will,sja/lfvili
fresh,hraDr
friend,vinr
friendliness,bliDa
friendship,vina/tta
frighten,fAla
frighten,hrADa
frighten,skelfa
frightened,hrAddr
frost,frost
frost_giant,hri/mTurs
fulfill,efna
full,fullr
full  outlaw,allsekr
funeral  feast,erfi
fur,skinn
furious,o/Dr
further,fremr
fury,mo/Dr
fur_ware,skinnavara
gable_wall,gaflveggr
gallant,vaskr
gallantly,pru/tt
gallantly,"ro,skliga"
gallop,hleypa
game,leikr
gape,gapa
garment,klADi
gather,lesa
gather,safna
gather,samna
gathering,samnaDr
gaze,sjo/n
gaze,gAgjask
gaze,horfa
gaze,sja/
genealogy,Attartala
generosity,sto/rmenska
generous,mildr
generously,"ho,fDingliga"
genial,leiDitamr
gentle,dAll
gentle,hOgr
gentleman,jarl
get  back,heimta
get  up,ri/sa
ghost,draugr
ghost,haugbu/i
giant,"jo,tunn"
giant,Turs
glitter,glita
glorious,mArr
glory,a/gAti
glory,dy/rD
glory,dy/rk
glory,vegr
glove,hanzki
glum,o/glaDr
go,fara
go,ganga
go,hvarfa
go,hvata
go,leita
go,liDa
go,ra/Da
goad,geisl
goat,hafr
goat_skin,hafrstaka
god,a/ss
gods,ti/var
gold,gull
gold,marglo/D
golden_horned,gullhyrndr
good  luck,gipta
good  luck,happ
good  luck,heill
goods,go/z
goods,varnaDr
goodwill,go/Dvili
good_tempered,skapgo/Dr
gorge,gil
grace,hylli
grace,miskunn
gracious,bliDr
grain,korn
grandmother,amma
grandson,do/tturson
grandson,sonarson
grant,unna
grant,veita
grape,vi/nber
grape_vine,vi/nviDr
grasp,fang
grasp,Tri/fa
graspingness,seiling
grass,gras
grassless,svarDlauss
grassy,"gro,sugr"
grave,dys
gravel,"mo,l"
grave_mound,haugr
great,mikill
great,ri/kr
great,sto/rr
great  number,herr
greatest,mestr
greatly,a/kaft
greatly,mikit
greed,a/girni
greedy,frekr
greet,heilsa
greet,kveDja
greeting,kveDja
grey,gra/r
grey,"ho,ss"
grief,"bo,l"
grief,harmr
grieve,harma
grim,grimmr
grimace,gretta
grin,glotta
grip,gri/pa
groan,stynr
groan,stundi
groan,ymja
groaning,ymr
groin,na/ri
grope,Treifa
ground,grunnr
ground,"vo,llr"
grow,Tro/ask
grow,vaxa
grow  dark,myrkva
grow  dark,sortna
grow  old,eldask
growth,"a/vo,xtr"
growth,"vo,xtr"
guard,"vo,rDr"
guard,geyma
guard  against,varDa
guest,boDsmaDr
guest,gestr
guide,vi/sa
guild,gildi
guild_brethren,gildisbrODr
habit,vandi
hail,hagall
hail_stone,haglkorn
hair,ha/r
hair,"sko,r"
haired,hArDr
hairy,loDinn
half,ha/lfr
half,helmingr
hall,"ho,ll"
hall,salr
hall,ska/li
hallow,vi/gja
hall_floor,hallargo/lf
hammer,hamarr
hand,"ho,nd"
hand,mund
handle,skapt
handmaid,amba/tt
handshake,handsal
handsome,fri/Dr
handsome,vAnn
hanging,si/Dr
happen,verDa
happening,ti/Dr
happy,sAll
harbour,"ho,fn"
harden,herDa
hardihood,harDrADi
hardihood,krellr
hardly,trauDla
hard_hearted,harDhugaDr
harm,ha/ski
harm,nauD
harm,o/gagn
harm,vansi
harmful,meinsamr
harry,herja
harsh,herfiligr
harsh,stirDlyndr
hasten,hvata
hastily,skyndiliga
hasty,bra/Dr
hateful,leiDr
haughty,sto/rra/Dr
haul,draga
have,eiga
have,hafa
have  the  power,(v)  eiga
have,njo/ta
hawk,haukr
hawk,heiDir
head,hjalmstallr
head,"ho,fuD"
headland,nes
headlong,hrapalliga
heap,hru/ga
hear,heyra
hear,hlyDa
hear  of,heyra
hearing,hljo/D
heart,hjarta
heart,hugr
heart,munr
heartily,glaDliga
heat,a/kafi
heat,bruni
heat,hiti
heat,verma
heath,heiDr
heathen,heiDinn
heathendom,heiDni
heathenism,hindrvitni
heaven,himinn
heaven,upphiminn
heavy,Tungr
heed,gaumr
heed,ga/
heed,geyma
heel,hAll
height,hAD
heir,erfingi
hell,hel
helm,styri
helmet,hja/lmr
help,a/sja/
help,beini
help,fullting
help,liDveizla
help,umra/D
help,duga
help,hja/lpa
help,tja/
help,veita
helpful,gagnsamr
helpfulness,gagnsemD
hem,skaut
hence,heDan
henchman,maDr
hens,hOnsn
herd,"hjo,rD"
herdsman,fe/hirDir
herdsman,hirDir
herdsman,smalamaDr
hero,halr
hero,"ho,ldr"
hero,kappi
hero,"o,ldungr"
hero,seggr
hew,"ho,ggva"
hide,hu/D
hide,fela
hideous,illiligr
hideously,afskrAmiliga
high,ha/r
highest,efst
highest,Oztr
hill,fell
hill,hAD
hill_crest,ha/ls
hill_giant,bergrisi
hill_side,hallr
hilt,"hjo,lt"
hind,eptri
hinder,hepta
hinder,ta/lma
hire,leiga
history,frODi
hither,heDra
hither,hingat
hold,halda
hold  fast,halda
hole,"gro,f"
hole,hol
hole,hylr
hole,rauf
hood,"ho,fuDdu/kr"
hood,"ho,ttr"
hook,kro/kr
hop,skjo/ta
hope,va/n
hope,vAtta
horn,horn
horror,skri/pi
horse,hestr
horse,hross
horse,marr
horseman,riddari
horse_flesh,"hrossakjo,t"
hospitality,"lo,D"
hospitality,risna
host,"fjo,l"
host,fylking
host,samnaDr
host,sinni
host,"sjo,t"
hostage,gi/sl
hostility,ni/D
hostility,o/friDr
hot,heitr
hound,hundr
house,bOr
house,hu/s
household,hju/
housewife,hu/sfreyja
house_building,hu/sgørD
house_folk,man
how,hversu
however,hversu
howl,yla
howling,Tytr
huge,sto/rr
hugely,sto/rum
human,mannligr
human,menskr
humbly,li/tilla/tliga
humiliation,hrakning
humiliation,lAging
hundred,hundraD
hunger,gra/Dr
hungry,soltinn
hunting,veiDr
huntsman,veiDimaDr
hurdle,hurDarflaki
hurl,fOra
hurl,setja
hurl,sløngva
hurry,ra/s
hurry,skynda
hurt,mein
hurt,o/gagn
husband,bo/ndi
husband,maDr
husband,verr
ice,i/ss
ice,svell
ignominy,o/so/mi
ignorant,o/vitr
illness,so/tt
illuminate,lysa
ill_clad,nøkkviDr
ill_favored,o/sAlligr
impassable,o/fOrr
importance,tilkva/ma
imposing,mikilu/Dligr
improve,batna
impure,o/hreinn
incautiously,o/varliga
incest,sifjaslit
incite,etja
increase,"a/vo,xtr"
increase,auki
increase,auka
increase,fylla
increase,Tro/ask
increase,vaxa
infant,"ko,gursveinn"
information,"fra/so,gn"
information,fregn
information,ma/l
inheritance,arfr
injure,lesta
injure,meiDa
injury,mein
injury,meizi
injustice,o/jafnaDr
innocent,saklauss
inquire,forvitnask
insignificant,sma/skitligr
insult,hrakning
intelligently,skynsamliga
intend,Atla
intend,hyggja
intend,vilja
intention,ra/D
invest,varDi
invest,verja
invitation,"lo,D"
invite,bjo/Da
iron,ja/rn
iron_smith,ja/rnsmiDr
island,ey
island,eyland
jaw,"kjo,ptr"
jerk,kippa
jetsam,reki
jewel,men
joint,liDr
journey,ferD
journey,"fo,r"
journey,leiD
journey,vegr
journeying,"fo,r"
joy,angan
judge,do/mari
judge,dOma
judgement,do/mr
judgement_seat,do/msto/ll
justice,jafnaDr
keel,"kjo,lr"
keen,bitr
keen,"o,rr"
keeping,hirzla
keeping,varDveizla
key,lykill
kick,spyrna
kid,kiD
kill,bana
kill,drepa
kill,vega
killing,dra/p
kin,kyn
kind,ha/ttr
kind,kyn
kindle,kveykva
kindly,linr
kindred,"mo,gr"
king,buDlungr
king,gramr
king,"jo,furr"
king,konungr
king,lofDungr
king,Tengill
kingdom,ri/ki
kinship,frAndsemi
kinsman,frAndi
kinsman,na/ungi
kinsman,niDr
kirtle,kyrtill
kirtle,skyrta
kiss,kyssa
knapsack,kyll
knead,knoDa
knee,kne/
knife,kni/fr
knife,sax
knob,knappr
knock,klappa
knoll,hva/ll
knot,knu/tr
knot,lykkja
know,kenna
know,kunna
know  how,kunna
know  of,vita
knowledge,fro/Dleikr
knowledge,kunnandi
knowledge,kunnusta
knowledge,skyn
known,kunnigr
known,kunnr
knuckle,knu/i
knuckle_bone,knu/ta
labor,forvirki
laborer,verkmaDr
lace,Tvengr
lacking,a/vant
lacking,vanr
lad,sveinn
lake,vatn
lame,haltr
land,"bjo,D"
land,fit
land,land
landed,lendr
landing_stage,bryggja
landslide,skriDa
land_dues,landaurar
lane,geil
language,ma/l
large,mikill
last,si/Dastr
lasting,drju/gr
later,efri
later,si/Dar
latest,si/Dast
laugh,hlAja
laughable,hlOgiligr
laughter,hla/tr
lava,hraun
law,"lo,g"
law,re/ttr
laws,"lo,g"
lawsuits,ma/laferli
law_rock,"lo,gberg"
law_speaker,"lo,gso,gumaDr"
lay,"ho,ndla"
lay,eyDa
layer,lag
leader,fo/lkhagi
leader,skati
leader,vi/si
leader,vinr
leader,yfirmaDr
leaf,laufsblaD
leaf_green,laufgrOnn
leap,hlaupa
leap,stikla
learn,fregna
learned,spakr
least,minstr
least,si/zt
left,vinstri
left_handed,"o,rvendr"
leg,fo/tr
leg,leggr
lend,lja/
length,lengD
lengthen,lengja
lessen,minka
letter,bre/f
level,sle/ttr
liability,a/byrgD
liberal,go/Dr
liberal,"o,rr"
liberality,risna
lie,lygi
lie,TrumDi
lie,Trymja
lie  down,liggja
life,Avi
life,"fjo,r"
life,li/f
life,li/fdagar
life_story,Avi
lift,hefja
lift,le/tta
lift,lypta
lift,vega
light,ljo/s
light,kveykva
like,li/ki
likelihood,li/kindi
likely,gli/kligr
likely,li/kligr
likely,li/kr
likely,vAnn
liking,geD
lime_tree,lind
lineage,Att
lineage,kynkvi/sl
linen,"ho,rr"
linen,le/rept
linen,li/n
lintel,uppdyri
lip,"gro,n"
litigation,deild
live,lifa
livestock,bu/
living,kykr
load,hlaDa
loathsome,a/ma/ttr
lock,lAsa
locks,"sko,r"
lodge,gista
lodge,liggja
lodgings,herbergi
lofty,ha/r
log,la/g
log,stokkr
log,tre/
long,langr
long,lengi
long,si/Dr
longer,lengr
longest,lengst
long_lived,langli/fr
look,tillit
look  about,litask
loop,lykkja
loose,lauss
lord,dro/ttinn
lord,herra
lord,Tengill
lore,fro/Dleikr
lore,frODi
lose,missa
lose,tyna
loss,afroD
loss,skaDi
lot,hluti
loudly,ha/tt
louse,lu/s
love,a/st
love,a/stir
love,elska
love,elska
lower,neDar
lower,neDri
lower,lAgja
loyal,hollr
luck,gAfa
luck,hamingja
lucklessness,gAfuleysi
lucky,heppinn
lucky  man,gAfumaDr
lucky  man,giptumaDr
mad,Orr
made,"go,rr"
magic,fro/Dleikr
magnificent,frAgiligr
magnificent,"sko,ruligr"
magnificent,virDuligr
maiden,mAr
maim,meiDa
mainland,meginland
make,efla
make,gera
make,gøra
make,setja
make,smi/Da
make,kaupa
make,mikla
make,rjo/Da
make,hleypa
manner,lund
manner,mo/t
manslaughter,manndra/p
manslaughter,mannskaDi
manslaughters,vi/gaferli
many,margr
maple,"mo,surr"
mare,hross
mare,merr
mare,sto/Dhross
market,kaupstefna
marriage,kostr
married,kva/ngaDr
marrow,mergr
marry,kva/ngask
marshal,stallari
martyrdom,martirium
marvel,undr
mask,gri/ma
mass,messa
match,jafnmenni
material,efni
mead,"mjo,Dr"
meadow,eng
meal,matr
meal,"mjo,l"
meal_bag,"mjo,lbelgr"
mean,gegna
mean,hyggja
mean,ta/kna
meanness,o/drengskapr
mean_looking,vesalligr
meat,sla/tr
meddle  with,glettask
mediate,miDla
meet,finna
meet,mOta
men,firar
men,gotar
men,lyDr
men,virDar
merchant,kaupmaDr
merciful,mildr
merciful,miskunnsamr
mercy,miskunn
merit,tilgørD
merry,glaDr
merry,ka/tr
merry,teitr
message,orD
message,orDsending
message,ørendi
messenger,sendimaDr
middle,miDr
midsummer,miDsumar
might,ma/ttr
might,megin
might,orka
mighty,Tro/ttigr
mild,gAfr
milk,mjo/lka
mind,geD
mind,hugr
mind,munr
mind,hirDa
miserable,vesall
misfortune,o/gAfa
misfortune,o/happ
miss,sakna
mission,ørendi
mission,sendiferD
mist,Toka
mix,blanda
moan,stynja
moaning,stynr
moment,bil
money,fe/
money,fe/munir
money,skillingr
monk,munkr
monster,foraD
monster,hveDrungr
monster,o/vAttr
month,ma/naDr
mood,lund
mood,skaplyndi
moon,ma/ni
moon,tungl
moonlight,tunglskin
more,fleiri
more,fremr
more,meiri
more,meirr
moreover,enda
mortify,pi/na
moss,mosi
mother,mo/Dir
mould,mold
mound,haugr
mount,hlaupa
mountain,fell
mountain,fjall
mountainous,"fjo,llo/ttr"
mouse,mu/s
mouth,muDr
mouth,munnr
mouthful,sopi
move  quickly,bregDa
movement,atriD
movement,"fo,r"
mow,sla/
mud,efja
mud,saurr
mud_flat,leira
multitude,"fjo,lDi"
multitude,mengi
murder,morDvi/g
mutilation,meizi
my,minn
mysteries,ru/n
nail,nagl
naked,nøkkviDr
name,nafn
name,nefna
narration,"fra/so,gn"
nasty,o/Tokkuligr
nation,Tjo/D
nature,lund
nay,heldr
nearer,nAr
nearest,nAst
nearly,na/liga
nearly,nAr
nearly,nAsta
neatly,hagliga
necessary,Tarfr
necessity,nauDsyn
neck,ha/ls
necklace,men
need,nauDsyn
need,Turfa
neigh,hneggja
neigh,hri/na
neighbor,bu/i
neighbor,na/bu/i
neither,hva/rgi
never,Ava
nose,nef
nostril,"no,s"
nothing,vAtr
notice,Tekkja
nowhere,hvergi
nurse,fo/stra
oak,eik
oarsman,ha/seti
oath,eiDr
oaths,sOri
obedience,hlyDni
obligation,vandi
obliged,skyldr
obliging,va/ndr
observe,hyggja
obstinacy,Tra/
obtain,hreppa
obtain,na/
occasion,ti/mi
occupation,iDn
occupy,skipa
occur,koma
occurrence,atburDr
offence,miski
offence,mo/tgørD
offence,"so,k"
offer,boD
offer,kostr
often,opt
oftener,optar
ogre,Turs
old,aldinn
old,forn
old,gamall
old  age,elli
old  woman,kerling
older,ellri
on,fram
one_handed,einhendr
onset,hri/D
open,hni/ga
opening,rof
opinion,Atlun
opportunity,fOri
opportunity,kostr
opposite,gagnvart
opposite,gegnt
origin,kyn
origin,uppruni
ornament,hnoss
our,o/rr
our,va/rr
outfit,umbu/ningr
outhouse,u/tibu/r
outlaw,sko/garmaDr
outlaw,u/tlagi
outlawed,sekr
outlawed,u/tlAgr
outlawry,sekt
overbearing,o/dAll
overbearing,ofri/ki
overcome,sigra
own,eiga
ox,uxi
oxen,yxen
pace,fet
page,sko/sveinn
pail,bytta
pain,mein
painful,sa/rr
pale,"fo,lr"
pale,litlauss
palm,lo/fi
part,hlutr
part,"ho,nd"
part,staDr
part  with,lo/ga
parting,skilnaDr
partition,ba/lkr
partner,fe/lagi
party,fylgD
pass,liDa
pastime,skemtun
pasture,gras
patrimony,AttleifD
patron,vinr
patronage,forsja/
patronage,umra/D
paunch_fat,i/stra
pause,hvi/lD
pavilion,tjald
pay,gjalda
pay,inna
pay,veita
pay  reverence,lu/ta
payment,gjald
peace,friDr
peace,griD
pen,grind
penalty,sekt
penniless,fe/lauss
penny,penningr
people,firar
people,fo/lk
people,liD
people,lyDr
people,Tjo/D
perceive,kenna
perceive,skilja
perform,efla
perform,efna
perform,fremja
perform,iDja
peril,o/fOra
perish,tyna
permission,orlof
permit,lofa
persistence,Tra/
phantom,skri/pi
phrase,orDtOki
piece,moli
pile,hlaDa
pillow,hOgindi
pin,da/lkr
pit,gro/f
pit,"gro,f"
pitch,tjalda
pithless,Treklauss
pithless,Tro/ttlauss
place,staDr
place,skipa
placed,staddr
plague,mein
plain,"vo,llr"
plan,ra/D
plank,stokkr
planking,Tilja
platform,hjallr
play,leika
plead  a  case,flytja
pleading,flutningr
pleasant,bliDr
please,li/ka
pleasure,gaman
plunder,herja
plunder,rAna
poem,kvADi
poet,ska/ld
poetry,bragTa/ttr
poetry,ska/ldskapr
point,oddr
point,stikill
poison,eitr
pole,a/ss
pole,meiDr
pole,"sto,ng"
pole,trjo/na
pole,tro/Da
pole_ladder,kraki
policy,ra/D
pool,hylr
poop_deck,lypting
poor,armr
poor,fa/tOkr
poor,fe/li/till
popular,vinsAll
popularity,vinsAld
porridge,grautr
portion,hlutr
position,lag
possess,eignask
possess,hafa
possession,eiga
possession,hirzla
possessions,auDOfi
possessions,eign
possible,hOgr
poverty,efnaleysi
poverty,fa/tOkD
poverty,nauD
poverty,va/laD
power,afli
power,megin
power,ri/ki
power,vald
powerful,ri/kr
praise,hro/Dr
praise,lof
praise,mArD
praise,leyfa
praise,lofa
praise,mAra
pray,biDja
pray  to,heita
prayer,bOn
preach,boDa
precious,dy/rr
preparation,umbu/D
prepare,bu/a
prepare,ryDja
prepare  food,matbu/a
present,staddr
present,fOra
preserve,varDveita
press,Trøngva
presumption,mikillAti
price,verD
prickly,hvass
pride,mikillAti
pride,o/ho/f
pride,of
pride,ofsi
priest,prestr
prince,buDlungr
prince,"do,glingr"
prince,"jo,furr"
prince,Tjo/Dann
prince,vi/si
prisoner,fangi
probability,va/n
probable,li/kligr
probable,venna
proceed,sOkja
proceeding,atferli
proclaim,dOma
proclaim,lysa
produce,frammi
profit,go/Di
profit,slOgr
profit,nyta
progress,framkvAmd
progress,liDa
prohibit,banna
prolong,lengja
promise,heit
promise,heita
promising,efniligr
promising,mannvAnn
promptly,greiDliga
prophecy,spa/
prophetess,spa/kona
prophetess,vi/sindakona
prophetess,"vo,lva"
proportion,ho/f
prosper,hlyDa
prostrate,flatr
protect,hli/fa
protect,varDi
protect,verja
protection,a/sja/
protection,griD
protection,skjaldborg
protection,traust
protector,ve/urr
proud,pru/Dr
prove,reyna
proverb,orDskviDr
provide,birgja
provide,bjo/Da
provide,skipa
provisions,atdra/ttr
provisions,birgDir
provisions,fang
provisions,nest
provocation,tilgørD
prow,framstafn
prow,"ho,fuDstafn"
proximity,na/nd
purchase,leysa
purpose,hlutr
purpose,Atla
pursue,elta
push,hrinda
push,Trøngva
put  forth,kosta
quality,kostr
quarrel,deild
quarrel,deila
quarrel,sleita
quarters,herbergi
queen,dro/ttning
quick,skjo/tr
quickly,greiDliga
quickly,hraDliga
quickly,hverfr
quickly,skjo/tla
quickly,skjo/tt
quickly,skyndiliga
quickly,ti/tt
quiet,hljo/Dr
quiet,kyrr
quiet,spakr
quite,stundar
race,Att
race,ra/s
race,skeiD
race,Tjo/D
radiance,ljo/mi
rag,fli/k
rag,slitri
rage,geisa
rail,"spo,lr"
raise,hefja
raise,re/tta
raise,reiDa
raise,reisa
rake,raka
rank,"ro,D"
rather,heldr
raven,hrafn
ravine,gil
reach,re/tta
readily,fljo/tr
readily,vel
ready,"go,rr"
reason,efni
reason,skyld
reason,"so,k"
reasonable,gAfr
reasonable,hOgr
receive,Tiggja
receptacle,skokkr
reception,viDrtaka
reception,viDtaka
recite,kveDa
recite,Tylja
reckoning,tal
recognize,kenna
recognize,Tekkja
recoil,"ho,rfa"
reconcile,sAtta
reconciled,sa/ttr
reconciliation,sAtt
recover,heimta
recover,koma
red,rauDr
red,rjo/Dr
reddened,roDinn
redeem,gjalda
redeem,leysa
redress,sOmd
redress,sOmD
red_bearded,rauDskeggjaDr
reek,eimi
reek,rju/ka
refrain,stef
refuse,neita
refuse,synja
region,heimr
rein,taumr
reindeer,hreinn
relate,geta
relative,frAndi
religion,siDr
religion,tru/
reluctant,trauDr
reluctant,tregr
rely  on,hli/ta
remain,sitja
remember,muna
remind,minna
remove,flytja
rend,sli/ta
renown,orDsti/rr
rent,leiga
repay,gjalda
repay,inna
repent,iDrask
report,"so,gn"
reproach,a/mAli
reputation,do/mr
reputation,virDing
request,Asta
request,beiDa
require,Turfa
rescue,frelsa
resentment,i/hugi
reserved,fa/skiptinn
reside,sitja
residence,atseta
resolved,einra/Dinn
resound,duna
resound,dunDi
resound,glymja
resound,Trymja
respect,staDr
respect,virDing
respite,frest
rest,hvi/lD
rest,ro/
rest,hvi/la
rest,styDja
result,hljo/ta
retainer,hirDmaDr
retainer,hu/skarl
revile,geyja
reward,laun
reward,launa
rib,rif
rich,auDigr
riddle,ga/ta
ridge,ha/ls
ridge_beam,bru/na/ss
riding,reiD
riding,TriDjungr
right,hOgri
right,re/ttr
right,skyldr
rim,borD
rim,"ro,nd"
ring,baugr
ring,hringr
rip,ri/fa
rise,ri/sa
risk,hAtta
river,a/
river,fljo/t
rivet,hnjo/Da
road,braut
road,gata
road,leiD
road,mannavegr
road,vegr
roar,glymja
roar,gnyja
rob,rAna
rob,stela
rock,bjarg
rock,sker
rocks,"grjo/tbjo,rg"
roll,hrjo/ta
roof,rAfr
roof,Tak
roof,Tekja
room,ru/m
root,ro/t
rope,festr
rope,reip
rope,strengr
ropes,tengsl
rotten,fu/inn
rouse,vakti
rouse,vekja
row,"lo,n"
row,ro/a
rub,ma/
rub,strju/ka
ruddy,rauDlitaDr
ruddy,rjo/Dr
rule,ra/Da
rule,styra
rule  over,stjo/rna
ruler,"ho,fDingi"
ruler,skati
ruler,Tjo/Dann
rummaging,Trausk
run,hlaup
run,hlaupa
run,renna
run,rinna
run,stikla
running_ground,skeiD
rush,hrapa
rush,rasa
rush,Tjo/ta
sacred,heilagr
sacrifice,blo/t
sacrifice,hu/sl
sacrifice,blo/ta
saddle,"so,Dull"
sadness,o/gleDi
safe,heill
safe,øruggr
safe,tru/r
safe,tryggr
sail,segl
sail,sigla
sailing,sigling
sailor,farmaDr
sake,skyld
salmon,lax
salute,kveDja
same,samr
sample,merki
sand,sandr
sandbank,eyrr
save,forDa
save,frelsa
say,kveDa
say,segja
say,telja
scabbard,ska/lpr
scabbard,sli/Dir
scabbard,sli/Drar
scabbard,"umgjo,rD"
scald,ska/ld
scant,hneppr
scantily,vart
scarcely,trautt
scarcely,vart
scarecrow,tre/maDr
scion,niDr
sconce_horn,vi/tishorn
Scottish,Skozkr
scrape,skafa
scratch,klo/ra
scream,gala
scream,hlakka
screaming,jarmr
scrip,skreppa
scroll,strengr
sea,Agir
sea,haf
sea,harr
sea,sAr
sea,sjo/r
sea,ver
sea,vi/Dir
seafarers,flotnar
search,kanna
search  for,leita
season,a/rangr
seat,ru/m
seat,sAti
seat,setja
sea_bird,svanr
second,annarr
secrecy,laun
secure,øruggr
see,hyggja
see,li/ta
see,sja/
see,vita
seek,leita
seek,sOkja
seem,li/ta
seem,Tykkja
seize,"ho,ndla"
seldom,sjaldan
self,sja/lfr
self_sown,sja/lfsa/inn
sell,selja
send,fOra
send,senda
separate,skilja
separated,fra/skila
serpent,naDr
serpent,ormr
servant,hu/skarl
servant,sko/sveinn
servant,sveinn
servant,Tegn
servant,Tjo/nustumaDr
serve,Tjo/na
service,reiDa
service,vist
serving_woman,griDkona
set,ra/Da
set,setja
settle,byggja
settle,byggva
settlement,bygD
settlement,landna/m
settler,landna/mamaDr
seven,sjau
seventeen,sjautja/n
severe,allharDr
severe,fastr
severe,stri/Dr
sew,sauma
shackle,"fjo,turr"
shake,du/Di
shake,dy/ja
shake,hrista
shake,skja/lfa
shame,hneykja
shame,"sko,mm"
shame,vansi
shamed,neiss
shameful,a/mAlissamr
shameful,herfiligr
shape,li/ki
shape,mynd
share,skipta
sharp,harDr
sharp,hvass
sharpen,hvessa
sharply,hart
sharply,snarpliga
sheath,hulDa
sheath,sli/Dir
sheath,sli/Drar
shed,ska/li
shed,u/tibu/r
sheep,smali
sheepfold,kvi/
shelter,hli/f
shelter,hli/fa
shepherd,sauDamaDr
shepherd,smalamaDr
she_goat,geit
shield,hli/f
shield,lind
shield,"ro,nd"
shield,"skjo,ldr"
shilling,skillingr
shine,ljo/ma
shine,ski/na
shining,hvi/tr
ship,eik
ship,gjalfrmarr
ship,kjo/ll
ship,"kno,rr"
ship,skip
shipwreck,skipsbrot
shirt,serkr
shoal,eyrr
shoe,sko/r
shoot,skjo/ta
shore,fit
shorter,skemmr
shoulder,bo/gr
shoulders,herDar
shove,hrinda
show,syna
show,vi/sa
shower,e/l
shut  up,lAsa
shutter,speld
shy,skjarr
shy,styggr
sickness,kvilla
sickness,so/ttarfar
side,hliD
side,"ho,nd"
side,si/Da
sight,syn
sign,mark
signify,sAta
signify,ta/kna
silence,hljo/D
silence,"To,gn"
silent,hljo/Dr
silent,Tagall
silver,silfr
since,Tar
singe,svi/Da
singing,"so,ngr"
sink,hni/ga
sink,lAgja
sink,siga
sink,søkkva
sinless,meinalauss
sister,nipt
sister,systir
sit,sitja
sitting_room,stofa
six,sex
sixteen,sexta/n
sixth,se/tti
ski,skri/Da
skin,hamr
skin,skinn
skin,fla/
skin_bag,hi/t
skin_purse,skjo/Dupungr
skull,hauss
sky,lopt
slander,illmAli
slander,ro/g
slander,ni/Da
slap,sletta
slaughter,mannfall
slaughter,skera
slaughter,sla/tra
slave,TrAll
slay,fella
slayer,banamaDr
slayer,bani
sleep,"ho,fgi"
sleep,svefn
sleep,sofa
sleeping_hall,ska/li
sleeping_room,svefnhu/s
sleeve,ermr
slender,grannr
slight,neppr
slip,skreppa
slope,brekka
slope,hli/D
slow,seinn
slowly,seint
small,la/gr
small,sma/r
small  boat,keipr
small_guts,sma/Tarmar
smile,hlAja
smite,berja
smite,drepa
smite,fOra
smite,sla/
smite,vega
smithy,smiDja
smoke,eimi
smoke,gufa
smoke,reykr
smoke,rju/ka
smooth,sle/ttr
snap,sli/ta
snap,slitna
snap,støkkva
snore,hrjo/ta
snorting,"fno,sun"
snow,snAr
snow,snja/r
snow_skate,ski/D
son,burr
son,"mo,gr"
son,niDr
son,sonr
song,"so,ngr"
sore,kaun
sore,sa/rr
sore,vanma/tta
sorrow,"bo,l"
sorrow,harmr
sorrow,su/t
sorrow,syrgja
sorrowful,harmfullr
soul,"o,nd"
soul,sa/l
sound,heill
sound,sund
southerner,suDrmaDr
southward,ofan
southward,suDr
south_east,landsuDr
sovereign,allvaldr
sow,sa/
space,ru/m
span,spenna
spare,spara
speak,mAla
speak,rODa
speak,tala
speak  ill,lasta
spear,darraDr
spear,fleinn
spear,geirr
spear,spjo/t
spears,"spjo,r"
speck,flekkr
speech,ma/l
speech,orD
speech,tala
speed,skjo/tfOri
speedily,fljo/tliga
spell,seiDr
spent,falr
sphere,"kno,ttr"
spirit,andi
spirit,hugr
spirit,krellr
spirits,na/ttu/ra
spit,eyrr
splendid,pru/Dr
splendidly,allvegliga
split,klofna
split,spretta
spoil,spilla
sport,leikr
sport,leika
spot,flekkr
spot,staDr
spread,breiDa
spring,kelda
spring,va/r
spring,hlaupa
spring,hrjo/ta
spring,springa
spring,støkkva
sprinkle,dreifa
spurn,sporna
stab,stinga
staff,geisl
staff,stafr
staff,"sto,ng"
stall,stallr
stallion,hestr
stand,standa
stanza,vi/sa
star,stjarna
startled,bilt
state,efni
stature,"vo,xtr"
stay,dveljask
stay,sitja
staying,staddr
stay_at_home,heimdragi
steed,goti
steed,skAr
steel,sta/l
steep,brattr
step,feta
step,sti/ga
stern,stafn
steward,a/rmaDr
steward,bryti
stiff,stirDr
still,eDr
stinginess,hodddofi
stipulate,segja
stir,bragDa
stir,hreyfa
stir,hrOra
stone,bjarg
stone,steinn
stones,grjo/t
stony,gryttr
stop,le/tta
stop,"sto,Dva"
storm,hri/D
storm,veDr
story,ma/l
story,saga
stoutly,harDfengiliga
stout_hearted,hraustr
straightway,senn
strait,sund
strand,"stro,nd"
strange,kynligr
strange,undarligr
strangely,undarliga
stratum,lag
straw,ha/lmr
stream,lOkr
stream,straumr
strength,afl
strength,kraptr
strength,orka
strength,styrkr
strength,Trek
strengthen,festa
strew,stra/
strew,stra/a
strike,drepa
strike,"ho,ggva"
strike,ljo/sta
strike,sla/
strip,fletta
strip,hrjo/Da
stroke,"ho,gg"
stroke,skellr
stroke,strju/ka
strong,"kro,ptugr"
strong,rammligr
strong,sterkr
strong,Tro/ttigr
strong,Tru/Dugr
stronghold,borg
stronghold,virki
strongly,fast
strongly,sterkliga
struggle,svipting
struggle,knyja
stud_horse,sto/Dhross
stuff,skru/D
stumble,rasa
subject,far
succeed,hlyDa
success,framkvAmd
success,uppreist
sudden,bra/Dr
suffer,Tola
sufficient,Orinn
sufficient,Orit
sufficiently,no/gu
suit,"so,k"
summer,sumar
summon,bjo/Da
summon,heimta
summon,kveDja
summon,stefna
summons,boD
sun,"ro,Dull"
sunset,"so/lbjo,rg"
superstition,hindrvitni
supper,na/ttverDr
supplies,atdra/ttr
supplies,"viDfo,ng"
supply,birgja
support,liDveizla
support,traust
support,efla
support,fODa
supporter,styrktarmaDr
suppose,geta
suspect,gruna
swallow,svala
swallow,gleypa
swallow,svelga
swamp,myrr
sweat,sveiti
Swede,SOnskr
Swedish,SOnskr
sweep,so/pa
sweep,sveipa
sweet,sva/ss
swell,svella
swift,fljo/tr
swift,hraDr
swift,"o,rr"
swift,skjo/tr
swift,svinnr
swiftly,fra/liga
swiftness,skjo/tfOri
swim,svima
swing,svipan
swing,reiDa
swing,styra
swing,sveipa
swing,veifa
swing  up,reiDa
switch,svigi
sword,"hja/lmro,Dull"
sword,"hjo,rr"
sword,mAkir
sword,sverD
sword_play,"hjo,rleikr"
table,borD
taciturn,hljo/Dlyndr
tail,sporDr
take,fa/
take,nema
take,taka
take  care,annask
take  care,gAta
talismans,taufr
talk,ma/l
talk,rODa
talk,tal
talk,tala
talk,umrODa
talk,tala
talkative,ma/ligr
tall,ha/r
task,iDja
taste,kenna
taunt,sneiDa
tax,gjald
teach,kenna
tear,ta/r
tear,leysa
tear,ri/fa
tear,sli/ta
tedious,seinn
tell  a  lie,lju/ga
temper,lyndisbragD
temper,skap
temple,goDahu/s
tendon,ha/sin
tent,tjald
terrible,a/ma/ttr
terrible,atall
terrible,megingrimmr
terrible,o/gurligr
terrible,"o,ndo/ttr"
terribly,harDliga
terror,hrAzla
test,raun
test,freista
than,Tan
thank,Takka
thanks,"To,kk"
that,sem
thatch,Tak
thatch,Tekja
the  east,austrvegr
thence,TaDan
there,Tar
they,Teir
thick,Tykkr
thigh,Tjo/
thigh_bone,lArleggr
thin,magr
thing,hlutr
think,Atla
think,geta
think,hyggja
third,TriDi
thirsty,Tyrstr
this,sa/si
this,sja/
this,Tessi
thither,Tangat
thither,Tannig
thong,Tvengr
thoroughly,tru/liga
thought,hugr
thoughtful,hugall
thousand,Tu/sund
thrall,TrAll
threaten,bjo/Da
three,Tri/r
throat,o/st
throng,drifa
throng,skipa
throw,bregDa
throw,kasta
throw,skjo/ta
throw,slungnir
throw,slyngva
throw,verpa
thrust,reka
thrusting_spear,atgeirr
thunder,TrumDi
thunder,Trymja
tide,flo/D
tidings,ti/Dendi
tie,snu/a
time,Avi
time,hri/D
time,ma/l
time,ti/D
time,ti/mi
timidly,o/framliga
to,til
to,viD
together,a/samt
together,saman
toil,erfiDi
token,mark
tolerate,Tola
tooth,"to,nn"
toss,du/Di
totter,steypa
touch,taka
towards,mo/t
towards,viD
tower,gnAfa
town,borg
trace,reip
track,far
trader,farmaDr
trader,kaupmaDr
train,vandi
train,venja
tramp,stafkarl
trappings,reiDi
travel,fara
treacherous,fla/r
tread,troDa
treason,svik
treasure,gørsimi
treasure,men
treasures,meiDmar
treaty,re/ttr
tree,eik
tree,tre/
tree,viDr
tree_trunk,draugr
tremble,bifask
tremble,skja/lfa
trencherman,skutilsveinn
trial,raun
trifle,li/tilrADi
trim,jafna
troll,gi/fr
troll,"tro,ll"
troops,liD
troth,tru/a
trouble,erfiDi
trouble,starf
trouble,vandrADi
troublesome,erfiDr
trough,trog
true,saDr
true,sannr
true,tryggr
truly,sannliga
truly,tru/liga
trumpet,lu/Dr
trust,hli/ta
trusty,øruggr
trusty,tru/r
trusty,tryggr
truth,sannindi
try,freista
try,reyna
try  to,i/huga
tumble,hrata
turf,torf
turn,hverfa
turn,snu/a
turn,vi/kja
turn,vinda
twelfth,to/lfti
twelve,to/lf
twenty,tuttugu
twig,kvistr
twist,ri/Da
twist,snara
twist,snu/a
twist,vinda
two,tveir
twofold,tvennr
tyranny,ofri/ki
ugly,illiligr
ugly,illr
ugly,ljo/tr
unafraid,o/hrAddr
unaware,o/varr
unbaptized,o/ski/rDr
unbelievable,o/tru/ligr
uncertain,o/vi/ss
uncle,"fo,DurbroDir"
undecided,o/ra/Dinn
underhand,"undirfo,rull"
underling,undirmaDr
undersized,sma/skitligr
understand,skilja
understand,vita
understanding,vizkumunr
undertake,taka
undeserving,o/makligr
undismayed,o/kviDinn
undone,"o/go,rr"
undress,afklADa
unequally,misjafnt
unfairness,o/jafnaDr
unhurt,o/sa/rr
unhurt,o/sakaDr
uninformed,o/vitr
universal,almenniligr
unknown,o/kunnigr
unlike,o/li/kr
unlikely,o/li/kligr
unlikely,o/vAnligr
unlikely,ørvAnn
unmarried,kva/nlauss
unpleasant,fu/ll
unpleasing,illr
unproductive,o/frAr
unprofitable,o/gagnvAnligr
unprotected,brynjulauss
unprovided,o/birgr
unsheltered,u/ti
unshorn,o/skorinn
unsteady,lauss
unsuspecting,grunlauss
unswerving,re/ttr
untie,leysa
untried,o/reyndr
unwary,o/varr
unwilling,o/fu/ss
unwilling,trauDr
unwise,o/snjallr
unwise,o/vitrligr
upper,efri
upset,ro/ta
urchin,sveinstauli
urge,eggja
urge,fysa
urge  on,a/Aggia
urgent,bry/nn
usage,vani
use,nyta
use  up,lu/ka
useful,nytr
useful,Tarfr
useless,gODalauss
useless,o/gagnvAnligr
useless,o/nytr
usual,ti/Dr
usually,hversdagliga
valiant,frOkn
valiantly,mannliga
valley,dalr
valor,hreysti
valuables,fe/munir
value,meta
vapor,gufa
various,ymiss
variously,ymist
vehemence,a/kafi
vehement,a/kafr
vengeance,hefnd
verse,vi/sa
vestibule,anddyri
vex,re/a
vexation,skapraun
victory,sigr
vigil,vaka
violate,brjo/ta
violence,atganga
violent,allharDr
violent,meinsamr
visit,finna
visit,vitja
voice,"ro,dd"
wages,kaup
wail,veina
waken,vakti
waken,vekja
walk,hvarfa
walk,sti/ga
walk,troDa
wall,ba/lkr
wall,veggr
war,o/friDr
wares,kaupeyrir
wares,varningr
warm,varmr
warn,vara
warning,varnaDr
warning,varnan
warrior,drengr
warrior,rekkr
warship,langskip
war_arrow,"hero,r"
war_force,herliD
war_sling,"valslo,ngva"
wash,leyDra
wash,Tva/
waste  away,morna
watch,"vo,rDr"
watch,gAta
watch,geyma
watch,vaka
watch,varDa
watcher,varDmaDr
water,"lo,gr"
water,vatn
waterfall,foss
water_way,vatn
wave,unnr
wave,va/gr
wave,veifa
way,leiD
way,lund
way,staDr
way,sti/gr
way,vegr
we,ve/r
weak,o/sterkligr
wealth,auDOfi
wealthy,auDigr
weapon,sko/D
weapon,va/pn
weaponless,va/pnlauss
weapons,herva/pn
wear,hafa
weariness,mODi
weary,mo/Dr
weather,veDr
weaving,vefr
wedding,brullaup
week,vika
weep,gra/ta
weep,syrgja
weigh,vega
well,vel
well_bred,menntr
well_informed,fro/Dr
well_knit,harDsnu/inn
well_known,frAgr
welter,TrumDi
welter,Trymja
westward,vestr
wet,blautr
wet,va/tr
wet,vAta
whale,hvalr
what,hvat
whatsoever,hvatki
wheat_field,hveitiakr
whence,hvaDan
whet,eggja
while,hri/D
whir,dunDi
whir,dynja
whisper,kvisa
whit,ho/t
white,hvi/tr
white  fair,bleikr
white  fox,melrakki
whither,hvert
who,hverr
wicked,va/ndr
wide,viDr
widely,viDa
widow,ekkja
wield,valda
wife,kona
wife,kva/n
wife,vi/f
wife,"vo,rD"
wilderness,o/bygD
wild_fire,villieldr
will,vili
willing,fu/ss
willing,lostigr
willingly,gjarna
win,"o,Dlask"
win,vinna
wind,veDr
wind,vindr
wind,ri/Da
wind,vinda
window,gluggr
wine,vi/n
wing,"fjo,Dr"
wing,vAngr
winter,su/t
winter,vetr
wise,fro/Dr
wise,horskr
wise,snotr
wise,spakr
wise,svinnr
wise,vi/ss
wise,vitr
wish,ra/D
wish,lysta
wish,vilja
wit,vit
within,innan
witness,va/ttr
witness,vitni
wits,vit
wive's,kvenna
wolf,freki
wolf,ulfr
wolf,valdyr
woman,kona
woman,vi/f
womanish,argr
women,kvennaliD
wondrous,kynligr
wondrous,undarligr
wondrously,undarliga
wood,sko/gr
wood,viDr
woodland,holt
word,orD
work,orka
work,starfa
work,vinna
work,yrkja
world,fold
world,"vero,ld"
worse,verr
worse,verri
worshipful,"go,fugr"
worst,verst
worst,verstr
worth,verD
worth,verDr
worthy,gildr
wound,ben
wound,sa/r
wound,spor
wound,und
wound,sAra
wounded,sa/rr
wrap,sveipa
wrap,vefja
wrath,mo/Dr
wrath,reiDi
wreck,skipflak
wrestling,fang
wrestling,gli/ma
wretched,armr
wretched,herfiligr
wretched,o/sAlligr
wretched,vesall
write,ri/ta
write,skrifa
year,a/r
yellow_beaked,"neffo,lr"
yes,ja/
yesterday,gAr
yew_bow,ybogi
yield,siga
yield,veita
young,ungr
your,ykkarr
youth,Oska
youth,ungmenni
